{
  "auroc": 0.5306246071570155,
  "aupr_outlier": 0.9180755289551477,
  "aupr_inlier": 0.1002576505166217,
  "optimal_threshold": -2.000011876106285,
  "best_f1": 0.9068690028828116,
  "precision_at_optimal": 0.9114466939336076,
  "recall_at_optimal": 0.902337064446684,
  "confusion_matrix": [
    [
      2069,
      14701
    ],
    [
      16377,
      151312
    ]
  ],
  "true_positive_rate": 0.902337064446684,
  "false_positive_rate": 0.8766249254621348,
  "true_negative_rate": 0.12337507453786524,
  "false_negative_rate": 0.09766293555331595,
  "score_stats": {
    "inlier_mean": -0.8185545528998329,
    "inlier_std": 1.0357741936829694,
    "inlier_median": -0.7628606020212403,
    "outlier_mean": -0.69831129200215,
    "outlier_std": 1.0351982941314084,
    "outlier_median": -0.6700522212982407,
    "separation": 0.12024326089768289
  }
}
